0.788557198976816,2.32398659256989
0.0845141453044964,-0.20619209417748
-0.0606375411638562,1.11021553477218
1.21562003013776,0.128795759940029
-0.630682749727846,1.30258219472901
0.200976140805982,0.784297730879771
-1.95897430136714,1.28560631516379
-0.798843668993281,1.28536261926187
0.0953374857086203,0.0832531236821206
-1.07493123145274,0.0360714029537538
0.0262218461466594,-0.320337928866909
-0.625028117169098,0.688668827054795
1.0998678201115,0.110270037547083
0.64660742667513,2.33873575553969
-0.454515362878993,0.796964305270729
-1.80970901050268,0.15590303787413
-0.829492201569841,2.79544002422785
2.51860783395111,0.302868578750439
-0.36786308597294,3.97861008701465
-1.79989142744712,-0.859186276770799
0.578965775900394,1.26454229768808
-1.12672013439889,0.418394333583635
0.313630879477097,2.17674456790108
0.780016842291328,0.381641280373428
1.62840111724445,-1.94781268849393
-1.12994709849046,1.58092439161491
-0.162407100234164,2.4199278648883
-0.202436374268467,-0.380484749896757
0.157031215655292,0.408102552291744
1.58333217623643,0.155310710189979
0.974814890883471,0.608276797594081
-1.42378358119868,-0.815772750824494
-0.79668690880398,1.7777394654894
-2.3373462300659,0.688712316919337
0.209189169578525,2.45090316104207
-0.749705308007632,-0.0643407867502158
0.882326123714367,-0.751418226995708
-1.04453265707112,-0.221631783516831
-1.00833989031371,1.77403116198285
-0.475083860509657,0.994785287633358
1.22325191363751,2.16696830456009
-1.10715765014191,0.70645852478537
1.92293524271857,1.37147912806245
-0.0414858049792623,1.26703884007697
1.41090469297295,0.952054759812091
0.186030573872171,1.81985777800734
-0.213154557597511,0.698859032791887
-0.647833813945317,-0.83166346691331
1.20580344934069,1.12709995325207
-0.513196706556205,-1.15330929961615
0.394081131138882,0.123205005481567
-1.19084630794614,-0.75475422491287
-0.938664027459388,0.222265564660027
-1.50682167249758,0.358797708347855
-0.135500483999473,1.44839224981301
0.0833263608662833,-0.869383263514523
-0.634966320614323,0.404887451330588
0.827332059838119,-0.454935682789302
-1.10693523908566,1.47370820933023
-0.055459484239992,1.10890190955054
0.688487833759548,1.34404179018221
1.05926132925785,0.275956570482343
1.07818437319038,0.290218912866466
-0.952450175180115,1.21701040302327
-0.862495112311239,0.138476277234836
1.53076391485899,1.0983114617701
-0.646078337432754,1.16434997154887
0.255167106577688,-0.461938456336176
-0.811885979452368,-0.900964708223586
-0.486147526137968,-0.494397698299092
2.68608240180281,1.16187720638317
0.416502383130464,4.25200295443134
-2.59304045985474,-1.02515621065976
0.088003954340177,3.83755218766858
-0.548574579473113,-0.137767400574952
-0.872963771004517,0.658401489253282
2.31990163996342,0.928006626932259
-0.469976876478681,0.746318439398154
-0.196350224130352,-0.365405779501219
-0.925206569844793,2.10283842238153
-0.56121307884151,0.481679589999934
-0.0365128389046135,0.459009224623525
-0.00950462874255975,0.677486643123425
-0.564656056975909,-1.87736725952743
2.1030086533916,0.446448290334213
0.931335546678888,2.49982224020806
-1.38214856448817,1.07710622137879
-0.605045440739987,1.44250379946356
-0.63407931250021,0.577463906186585
-1.25024833653396,0.346553286395444
0.865676889387904,1.2346696284729
0.365715455103315,-1.64985120048111
1.21554748860738,-0.48561791809379
1.12732142359833,1.91550922332419
-0.982455300153323,1.19116103919772
-1.53425352048051,0.970041881823264
-0.623663782517825,2.38662023803214
1.45548575615306,-0.272883750777456
-1.21275480530683,0.883886147427878
1.17862739103557,-0.21260926437687
-0.751748834550541,-0.404598713436369
0.701726741921214,1.03735817041847
-0.281730949737266,1.83723464560997
0.302553246671946,0.867403251920504
-0.655309203398055,-1.12270731288695
-0.105860732953586,1.24861388946038
-1.85931159465689,-1.03971307042135
0.812218702706349,2.23279915163312
-0.813457315417272,-0.213262778145135
0.00368153864294364,0.596763218675035
0.0324469583008894,-0.279950963722381
1.63204445941833,0.241294433364184
0.355978640408555,1.72950982418205
-0.402636336694152,1.64329267465756
-0.789822458811092,-0.486119752653096
-0.32767476105065,0.85711987542336
-0.842627841618993,-0.0536303661221799
1.9106847138021,0.19238113520307
1.15279105389359,0.729287004210078
-0.378700680458378,0.648552324192099
-0.333505277419329,0.526740795739829
-0.383542557102379,0.830179308904435
0.172001658189785,0.541037557937099
-1.08228162964604,0.699965545765459
-0.131412103577851,-0.983471439042906
0.234276176841072,-1.33775421399436
-0.671313698156062,0.149471704169525
0.98483441945687,0.415144528265452
1.9080260487049,0.444741497801611
-0.845735427745657,1.6273757726665
-0.00139318090698028,1.26757141783412
0.475181080027195,0.109416504187653
-0.164689542209358,-0.222969706113869
-0.25284857300503,0.460923477367353
1.14412800598261,-0.604433034106137
-0.663755110131672,-0.61648909935797
-0.500723418459823,1.14122020363324
1.27206634241405,0.0810278360913856
0.51064793318906,0.442686145843642
0.607310235929334,0.208425560404138
1.24398131223082,0.121393649182665
-2.28158285869255,-0.0539074714915528
-0.791862026327438,3.03729307521952
0.571104753574506,1.19053087160074
-2.11052020473933,-0.881096284263862
1.06853742172499,2.20144357710998
-0.223239153161202,-0.0278463088886771
0.191322361164233,-0.646724015074411
-0.625987803617013,1.5059442317094
1.88765403350372,0.432000987580339
-0.180113562299907,1.28711021503524
-1.37945278120567,1.36143770735148
-1.13647789428093,0.567513314671149
-1.84543126531892,0.712777428196067
0.049890447810446,1.34006134048239
1.42041477748928,0.377727755654453
0.506532548058035,-0.515500105044613
-1.35843685391773,0.508030948795771
-1.71248253143512,2.01849956148203
-0.534008501181476,2.30431272261206
0.993246106823097,1.76117992286545
0.231325914682737,0.45850506680536
1.24540563944988,-0.958685366305059
2.85729594079993,0.201563250911792
-0.63461849057172,5.15952660593776
-1.91430344532301,1.33670417772388
0.452533207246657,2.26380194734225
0.583327890884213,-0.676322549382642
0.500457030306696,0.200531929248929
1.05770711932158,-1.06179130530185
2.3831059203398,-1.59368305771107
2.03562334877401,3.48520628801213
-0.0129945140923069,3.71302452240783
0.786084243784469,0.110379929330323
-1.06050756242611,-0.430158184724158
-1.14097339853364,0.498192748243952
0.685400147780375,-0.390062843273996
0.634582113583264,-1.77440142901498
1.53735179231968,-1.22683677086551
0.217286071510616,1.44811107581939
-0.34292561938449,-1.09746576380461
0.130990879413216,1.41553450728428
0.0966561054558472,1.05206864489087
0.773673078428949,-0.655369352696901
-0.233601978920066,-0.330149129249066
0.0508568378211804,-0.882442412061785
-0.372571310285756,-0.197317613186856
0.117186418376641,0.113977927153607
-1.08843078981025,-0.113708135870946
-1.67543252760312,0.507852933462074
-0.755180943766649,0.875984640081976
0.168717313202815,0.0566156519492558
-0.258853296918491,0.0654574187153155
0.462073569661467,0.189268075063923
0.941594316239831,0.0212947374649692
-1.61756217256654,1.51566190925848
0.779584926117863,2.72552111861868
-0.449368257120522,0.841293661913162
-0.293104429466302,0.0468769667596261
0.924951428093166,0.492402193139304
-0.550882905650744,-0.1740041839992
-0.411591542187618,-0.468789643275264
0.505491780965372,1.51600497139709
1.01685603554867,-0.508291855541208
-0.651335318790315,0.783279947677917
-1.49195325659143,0.426968923542373
-1.95252511920188,0.529331776787584
1.24047970750585,2.013422536457
-0.522542171966674,1.16914677073653
-0.234507656712816,-0.183467573484165
0.370042654537422,-0.981282280338496
-0.719595683098013,0.684587575058492
-2.60276486039448,1.21986594564718
-0.719754617307765,4.95142872005981
0.626067972788754,-0.864104995792261
0.209238852399264,0.3521599569972
0.0134514290293521,0.187412811624245
1.97998310649431,-0.24200728995983
-1.17276914549418,2.54207439956062
1.78402877345834,2.64574419014972
-1.97109978119063,1.87437548756224
-1.31311842118179,1.33057169224933
0.430952303897949,0.45991822538411
-0.389893504782518,-0.451931528897496
0.0135572599038767,-1.5613141093601
-0.571452630210551,0.901913208549745
0.368657092953886,-1.49409674916691
0.690787139346792,1.85923616674879
1.82889564550636,1.14887749383292
-1.75818439280548,1.44882001376459
0.715069118034731,2.09370192134621
-0.0974221509761579,0.175283269120453
0.433372496397868,0.716464180790867
0.00403413003285239,-0.422162802577225
0.8572424773303,-0.75826133124847
1.5630128575356,-1.3112739354168
-0.614019637847838,2.49044827370899
0.414853150570649,-0.0164936004654785
0.737249923785835,0.0186152756862155
-0.629084410985083,-0.0355226912443316
-1.42729694553308,0.321725664272967
-0.265464926732873,0.337510675607427
1.06866299671946,-1.19041382729992
1.63726463410731,0.558617630693265
-0.543302738024164,1.08866072478198
0.171713482133083,-0.490508251169251
0.883982899258068,0.373691359444585
-1.8006601048217,1.66428861368782
-1.3867981330619,2.14599712502029
0.00735482787220762,0.208008915700418
-0.911260501493315,-1.08985457538638
-1.07168375230398,0.968540913680088
0.616086710198373,0.447042536686762
-0.134211468340467,-0.309427063601932
-0.210373290182046,1.54208623738034
-1.74917308379161,1.35787017470535
1.19888435824211,1.55704494605946
-1.78026058947649,1.1928609129674
-0.692181369147845,2.23140317916662
0.58395882468395,-0.311736631652851
1.55852657716471,0.641189272917629
1.474674806347,1.66857390180318
0.297410240367429,1.97015792807751
-0.138323731981355,-1.14788363937007
-0.803192956885678,1.50337434206884
1.09946043350442,0.80517650263235
-0.329397150689539,0.280887441994368
-1.69625269079736,-1.15284443181862
-1.21082223541418,0.154517060822144
-0.716992367736024,0.268457463874758
-1.15105590973839,0.256244115265536
0.876785092165268,1.16773145869741
0.420903071579101,-0.31059333174597
1.3307910568146,0.200354454139957
-0.152660910040689,2.16235245449407
-0.677608651263826,0.464885760904227
0.387389015769368,0.601444390210001
-0.58091473239998,1.13780992299361
0.377471940690452,-0.567351003054766
0.255297817000435,-0.420810606240356
0.682349210009971,-1.02310271700767
-0.751448412807844,0.345193010157263
1.1261117258072,0.872514190405666
-0.280916511945727,0.0976220394168149
0.621738399726431,0.887095935001724
0.290282386805681,-0.000253770760946084
1.58018697648411,0.254285329071471
-0.388846524385003,0.677839768115813
0.285726753729117,0.549818790583186
1.09490075580888,-0.873578923104658
-1.2631068144965,0.906553948479105
0.676335833984173,0.437270310020806
0.415419586899046,0.399170623684889
0.860733506876757,-0.858684381816272
0.951641869774948,0.677997438546017
0.432029479584835,0.0867922232612851
0.935354831331057,-0.61993459215134
1.06639030226259,1.50103240648581
0.832220930618452,0.0653843217433308
-0.95249169895098,0.291872335303821
2.29368758913955,-0.408187060026741
-1.74915829817556,1.93551333005216
-1.54239352470078,1.12415582731485
0.884589831382355,0.0249751407141459
-0.400712198787944,-0.67182738242429
0.0897716674049966,-0.792969063233273
-0.897258571811801,0.737729344167373
-0.639086545146541,-1.64112533736815
-0.602673201200516,1.86892094332463
-1.10365242671165,1.4222069901605
-0.0667163085868861,-0.0923825599752163
-1.81388100723938,0.306161439287089
0.962617480435661,1.3102337750336
-1.45666340707463,1.5790116166387
0.699519493326103,1.53617111595848
-1.25630360215528,0.797031044867202
-0.0105614678445836,1.78091488743481
-1.43458190377124,0.0816090260418409
-1.95315412350214,2.69819327889939
0.471425049683276,0.923467798365313
0.391540147286816,0.832588538047627
0.692121688754056,-0.340078522011673
-0.467644940623857,1.29857783659351
-1.14298056133536,-0.0105886995085561
-0.000477587494917134,1.76418320620209
-1.14617353654608,1.82107876731866
0.45861980358926,-0.0226534785341277
0.622870100041759,-0.449113926393669
-0.673875298438006,-0.135524960133939
0.739338131636441,0.506173454009039
0.676610178193472,1.03640028658952
-3.05020715855297,0.0360714005136702
1.71492181196812,5.30333607272534
-1.57915728244883,1.10437805207934
-0.944320013262092,0.652610286016078
0.658034783921548,1.03373456616312
-0.298927232290551,-0.423514300188122
-0.612757121515543,-0.521616837486037
0.772548250545152,2.59844850217901
-0.884337441331231,-0.949413870237028
0.715744299581332,1.84812323712469
1.02301502642658,0.770393421276711
-0.22382109582628,0.177016761411358
-0.264703330612632,0.074167405625689
2.41712644244815,0.569924637184941
0.999017347966206,1.91583078399014
1.1267640080566,1.3198041206461
-0.12709792392883,0.370354252257441
0.37608204102771,-1.26920507958962
0.24980203426642,0.40474125153798
-0.410063539503127,0.123024148654804
1.30038725892928,-2.14236515749512
-1.27412292738256,-0.0183536965782641
1.29329124215197,-0.0430129548961679
0.608381135457143,1.07803465338034
-0.900613823223003,0.118976903658456
2.31839668148615,0.0310871337614228
-0.386321045090826,2.9203050274724
-1.26264441732392,-1.00017055415881
2.21751916129146,1.84713962939698
-1.15977736806687,1.59695525450694
-1.36969532768359,0.0236954313468876
0.101246645392358,1.66705930735652
-0.14401474232441,-1.50011855033291
-0.871348731527126,0.282371664914243
0.79951169510406,1.00865502683024
0.870419011089016,-1.26630337938136
0.400881448711274,1.07496913531683
0.122683053350262,1.15422748390807
-1.76773029028222,-0.157042618315401
-0.217424391501808,1.56759939403174
-0.490983029951504,1.10083031625725
1.34910124749698,-0.344341711328708
2.29376806718793,0.0852019852661699
-1.7852197666662,2.31331678861109
-0.0457684395118125,1.63621920996679
-0.215446457864027,1.45159506729856
0.552679622721231,-0.11511742958057
-0.105729111136695,0.912605296118913
-0.403843436604187,-0.890925373625769
0.657684754248637,-2.09518096662781
0.626162909998694,1.56305333940087
-1.95422486100555,0.296871262511035
1.32802860543627,2.18737718537137
1.07144276727211,0.200327764468232
-0.541368572393717,0.625741107636316
-1.58365223459439,0.363041366665727
-0.454724788077095,1.10759282968931
-2.22518477822071,-0.0129946769870993
-0.00425222472530318,3.52342072161969
1.47780289011215,-0.967397731002646
-1.04707484863842,-0.0641228873535807
-1.57823996819202,0.877179479204048
0.0274533574449777,2.5430137275329
2.40187309069608,0.287395249409468
-0.877555077932199,4.64071924795561
-0.616838802820859,0.246004160425111
-0.152403517591098,-1.16561031209527
-0.964440373011305,0.730861858462465
-1.1815988287968,1.80533811173835
-1.37596228765795,0.396501371730071
-0.77392171458112,-1.23507829669113
1.45829653242874,0.958445345730772
-0.304229624660939,1.48360277741311
-2.31447372391173,0.291811929174359
-0.847684686113973,3.37623896817006
1.49937550592235,1.45964135225018
-1.30478276910055,2.29714186833355
0.996955744767156,1.38223937997109
0.151341705871419,-0.7714004865314
0.570043115136399,0.532573022185554
1.17764716443244,1.73320586813857
1.03566751371325,1.62738731113109
0.131978173041231,-0.549023353408249
0.0325112956106287,1.106931837856
2.46639373421582,-0.894380632585064
-2.43339270120537,2.94817802898428
-0.841369306674732,2.54935123280911
-0.927220947870697,-0.615333733543989
-1.19754691994787,-0.272463522606633
0.593408384035086,0.658522042950757
-0.227160512370575,0.265719167145222
-0.256288833609787,-2.3928732282313
-0.407527939384794,2.02235684141112
0.30522111178247,0.984638512108535
-1.35688247962453,0.74299221238222
0.726586474440041,1.72985753088444
1.26862181603029,-0.271759393350903
0.0843393894161846,0.880511796263078
-0.063080188027541,0.388260928590389
0.952941073564199,0.334723143221008
0.218690229774935,0.0261092033494933
0.65777794954365,0.747507479422687
0.0781748363913988,-0.844228393626896
-0.435073214998935,-1.05225109633065
-1.26316256749793,0.28252107114959
3.23802293166595,0.735104103488125
-0.234667856430802,4.57958851211586
1.5285594524577,-0.0723404155417018
-0.677562186127952,0.815239769076814
-0.311304742136538,0.142978297326506
1.41420789656835,0.501394699484581
-0.359619387406821,1.73034424589784
0.6607543076379,-2.3379669315685
0.124650851560773,0.461505987384825
1.37695103845704,-1.21135624721154
0.466222758962761,1.35045537009811
-1.26393175555819,0.30049199520282
0.964116255506293,-0.596982097328662
0.590503321159302,0.812682784284956
1.20616583339617,-0.583899371746554
1.95651570846294,0.426427501155572
-1.92231072167694,0.752833838614232
0.500714093188447,1.48318295888359
0.00333652760811664,1.52243826660447
0.790914736765706,-1.02429270693941
-0.380189858206349,-0.305372739270889
-2.4254270967727,-0.773546688653297
0.564762184305601,1.54263548505262
0.0184440035896613,1.48980502369672
0.710987778554374,-0.67244594938682
2.00196542467794,0.170952513256017
1.3577344678479,1.50413212256788
-0.563406885237026,1.22282913073108
0.827531314790601,2.22532775618876
-0.868863750922835,0.136128411355675
-0.518505489203571,0.152953636910147
-1.72374352355616,-0.307490773092098
1.02989061728626,-0.0118326844817959
0.147211850095962,-0.703021824142955
1.35295590802776,0.884452994968819
0.304325647698918,0.28365175788288
0.100367672862312,0.663035244300348
0.978571699964495,0.580172487681212
-0.101608033516954,1.52460755796988
-0.485884671435826,-0.645958892885414
-0.236584781213517,0.0135812461571506
-0.714220790507062,-1.41754374663873
0.242232597235677,-0.246175732614827
0.117484988688341,0.0577823445563202
-0.573390029929175,-0.571080040205831
-0.759412512953222,0.150793146856051
1.76766276962083,0.731278579138294
-1.89677610073015,1.90606081137291
0.517404688310982,2.2947427554922
-0.199689107726506,-0.0575634183385417
0.947335060411735,0.205421204642259
-0.683389316894448,0.872107502099101
1.18811586863268,0.846234557991933
0.469967664712791,-0.578874101506026
-2.17665796340405,1.53966594843622
0.993819315393186,1.84412916426082
-0.825280337702253,0.717746906376816
-1.36890717105465,-0.459879503637202
-0.34870779895982,1.48132824126095
0.398198718253169,-1.17725424504846
0.36753676084364,0.215291561488447
-0.876774328940274,1.79599086947106
1.12280001059961,-0.582490610831157
0.256430120763655,1.52237783255874
1.68017653929212,1.2612596808559
-0.0380919831739815,1.76081064735011
-1.34909406483815,-0.839945592208488
-0.0232990237886823,0.767174576452727
0.358438647513076,0.54383475751567
-0.143512275737284,-0.970966014658911
1.4728320540365,-0.206007973098581
-1.35930343960546,-0.44004158892648
1.93646213672146,1.09302175243653
0.460478259327529,3.39729712006018
1.64979262163887,-0.261369868383128
1.48557396092047,1.18739017469674
1.41323517711239,1.15606797799406
0.503941168181083,-0.127836822382099
-0.216630648168485,1.58322909132492
0.875124767903451,-1.32851058530876
-1.47596058946072,0.145170476926449
1.49699803497443,-0.0968047347998553
0.38023191405577,0.440746019315287
-0.863946727756292,-1.39853499201327
1.04641797241724,0.217934983019636
-1.61877542074363,0.827334235782466
0.570394540463287,0.420159260402857
0.0990724078855435,1.20954694212878
0.13251639589393,-1.25884501844796
0.339294805214742,-0.203439996933146
1.80734406761218,0.590426852112608
0.0638751692035927,0.754570211654499
-0.401161514597749,1.63955851900874
-0.561051264006462,-0.160893217898166
-0.0520511603707377,0.307230616724656
0.039815649201026,-0.173644549565238
0.618714090631507,-0.105704765067089
-0.383023460969524,-1.24234818064983
0.384919755288523,-0.033564000168818
1.0092767092094,0.475805002522973
-0.740141717240338,1.10634927516713
0.169998815631218,0.290963906478579
-1.08967882177048,0.220237855620859
-0.372114424789953,0.608259486295615
-0.527299950750411,0.0761205736969261
-1.68792200196115,0.446542526042375
0.208837405304174,0.549199899825976
-1.93426637998196,0.40475727514684
-0.790320740476609,1.7425355106889
-0.284060812782213,1.37385506617906
-0.645571728408942,0.232174474439236
-0.261187732711049,0.886407088553754
-0.261425596951396,1.42972861797734
-0.41319462789772,-0.154200223589846
-0.0114599624352244,1.36362752343316
-0.921637336887499,0.778760510452843
0.0620136860380821,0.790828125434418
0.228793447321507,0.202573210175199
0.482318612381338,0.41467869880988
-1.52557219330846,0.0324970772690519
1.28878582652095,1.50817698264024
-0.571415675248272,0.903610151184586
-0.672436941638125,0.805890204526109
0.29828088323966,-0.00800393358795717
2.95801623948165,-0.315209263766033
-0.725930456845159,4.05609202115042
2.07113274062973,1.66284995122015
0.0272644745319592,1.24524429156006
0.0436659369895102,0.569991974807465
-0.666701897822733,0.366665853783585
0.870585092281306,0.103034740897715
0.407048237837422,-1.97098563853105
0.417674831096936,0.298102880121673
0.50998330303309,-1.63739030253612
0.704120853815684,-0.417865585870871
0.438317493926121,0.576881471529073
0.636551920045365,0.227643145287888
-0.401511208853257,-0.706045783333787
1.48958529639733,-0.474828487356036
-0.526416471476087,0.914595132269024
0.019103367322978,-0.341919088329366
1.37973589923765,-0.780928537930248
0.403941726212497,0.888640648193313
-0.129988149765282,-0.313633150250716
1.63078301213022,0.437151526829905
-0.336584569453581,0.369668462923769
0.587001553577236,0.194970405166819
1.47977638986744,0.459963776523356
-1.43402339670766,-0.772906320366382
-0.196295952438292,0.531608812959258
-0.242552774516074,0.260818087745431
1.51964764785615,-1.25300530926811
-1.050717569607,1.67077780583857
-0.0321837017987848,0.0865114908958914
-0.385683521942899,-1.46259179745518
0.00776657693476661,0.894118589807219
1.95542198914556,0.359532300194794
0.851942604537349,2.33490513116644
-0.3147627597414,-1.04438576994212
-1.0511514395567,0.772193151607948
-0.589774314501848,0.479589502394675
-1.58830191900889,0.157354479927609
-1.13567237173782,1.11969518070928
-0.606375798023913,-0.85800969195695
1.42544624058981,-0.478690265349049
-0.0259341659146288,1.18760906105757
0.836208884434292,1.04686741257605
-0.622544329646306,0.772035745490974
2.43533642070348,1.28267593866526
-0.948649932438778,4.03734394642395
-0.0666394626111851,0.933201425662512
1.05105483062285,-0.724255335010606
-0.144699501396753,0.94510413400968
0.548954720463091,-0.75964666007771
-2.20837365987107,0.688792657330638
3.16300418477637,0.707145750601668
-0.919108596741978,5.68442797448771
-0.0591702693578991,0.843978353683653
-0.610958658194235,-0.822874894407274
-0.390478445209552,0.631835651191708
2.95235175083178,-0.240363621293977
1.0351906360415,6.15038701930327
-0.303915618777959,-1.92741446325408
-2.11355400821798,0.754923991424035
-0.743754778104172,2.2884257646399
-1.96311947998218,0.56724367451242
0.859569257412491,2.03506046972811
-2.20289572355207,-1.59851018911142
-1.16700076119096,1.5968113220352
0.101140242528694,0.829403901424886
-0.964470553048709,1.58221905457662
0.650460136048861,1.30054748718856
-0.125912220586373,1.53889514531447
0.726756579644827,-0.458164804699407
1.12743342900277,1.69927820432886
-0.618388621592256,1.23337050572236
1.57330230994083,0.181205279778469
-0.464754366008782,2.1380480017058
-0.397263609532733,-0.844583088438518
-2.22633158252402,0.239817558955297
-0.00398630103423833,2.09458129673121
0.145271646373545,-0.779490538506404
1.66668885822412,0.117738220417912
0.029484796167884,0.359439517197882
0.798700381752077,0.392175920320661
0.457588807652715,0.442031191928828
1.32826947687052,2.05934872500019
0.487982241333708,0.823699280620681
1.17317712774344,0.211823222078539
-1.98773460026112,-0.771680899491389
-1.13577932389364,2.13335314239409
-0.78021647867614,0.0197711057146184
-0.483372699890993,-0.0111171803934548
-0.894599244330528,-1.12580046572959
-0.277775915889237,-0.0897808123598706
1.73562736752076,-0.715813352104621
0.0362636037231055,3.26733417677369
0.157867019123958,1.04110552794112
0.802156958000527,0.364487182024128
-0.644737145386996,0.813654014843322
0.448261004146957,1.40842862751741
-1.40348692819619,0.177313212484133
0.661256195733042,-0.406075978266236
-0.226680411161338,0.343937681315446
0.216149736218657,-0.2579178402276
0.944348752070509,-1.0101436655877
-1.13922886105947,1.13771233242348
-0.230468220579038,-0.0295125327178227
-0.907991648362367,1.09220739899906
-0.249872931084458,-0.378476207203684
0.887107627409862,-0.00854217259871609
1.56362840568753,0.17473547081376
-1.4036713764972,0.433140583212053
1.16344537296231,2.00571205187001
-1.21102558058118,1.20913301633785
0.107265450416216,1.31854053212827
-1.57811554567754,0.0548687525403408
0.376555973097403,0.448935434076608
1.9547996082793,-1.00543686123224
1.26198295006626,3.20507056369194
-1.2408495038807,-0.462431383675793
-0.445801978646938,1.86647683216724
0.108150167207713,-0.376211092423055
0.578571864282738,1.65176592567701
1.59892999591262,0.0224150838064959
1.1726025886056,-0.224616778861583
-2.03678572786629,-0.177114084825565
-1.34460880712657,2.99600912382469
-1.47354400652244,1.4121894449953
-1.1797229117174,1.11984859903794
-0.59584788318269,0.43464392000358
0.577530658858102,-1.21860122209915
-0.897385902717732,-0.802100006440648
0.18568099458328,2.24541820535921
-0.742617400303207,1.24629522525469
-0.411471506686499,1.52641721342096
0.356489676137152,1.49098843256693
-0.855788908539148,0.659576902796363
0.517785811638487,0.0881615085862417
1.40997215181926,0.704364529488084
0.17876011772697,0.786054791557203
-1.18727303895768,0.341286732702758
-0.767957614653066,1.10384547504652
0.493812078870387,-0.148457814846719
-0.244367925812753,0.798562570315231
0.75428380708601,-0.158992116096556
0.903121906735364,-0.49368738287993
-1.03272326653992,0.598626509155104
-0.35505596457516,1.31766967909444
-0.379758517510244,0.819565581755129
2.640274509777,-0.512147851082601
-0.707082587331608,3.70679752849309
-0.366034446185838,-0.199920820790167
-0.652876859201311,-0.6354629664305
0.0344677247310563,1.08019367573024
0.230658297473725,0.439769781915624
0.147252119721234,0.578372253819452
0.986572154616234,-1.97466863319553
1.21511425580751,0.949125210883366
0.964234323433236,0.913918948413065
2.59760574035253,0.668553256123426
-0.983630761661266,3.07416677506426
-1.14059938635704,0.0394118540393223
0.531170165802317,0.609678964484327
-0.747959005581726,-0.744651611290504
0.424656767586499,-0.727113195343046
0.16502906578896,-0.845469482878876
0.354145108418655,-1.94310576507393
-0.681992234658546,0.702035176652921
0.36983772321769,1.26161589392394
-0.204299327921247,-0.367595428449363
1.19068598347093,0.616111920230996
-0.844836943775001,0.373203044595897
-0.356006747274155,0.186107079794985
-0.0918153869924871,-0.223706867532908
-0.782980280101992,0.366327674516402
0.423148221238916,0.229911925238716
0.0844252465690501,0.578756390713405
-0.319646947255894,-1.16264670603723
-0.138108784595249,0.313795856596861
-0.0888341780376243,0.177010345643494
-1.04520028375746,0.169273150682531
-0.471372709873444,1.14216021392194
0.199472147573947,-0.192012400132899
1.86820814367961,0.0879255700249847
-0.426002900093752,1.93107613128604
0.745010889625428,0.627316185533743
0.387814731298807,-0.199259571671714
1.34306906013618,0.825835543876666
1.22523884427858,1.35348412931737
-0.397583299630579,0.504075652336246
0.997643962048713,-1.14295785369573
0.3754540538575,0.725964254132625
-0.284337104201642,-0.208525149535562
-0.497470771652715,-0.751637979971525
-1.68990077616811,-0.874167276079272
0.459373067251536,0.491856130987202
-1.5469948894135,0.419202431618008
1.17585548686216,0.331883673148287
-1.10915900100993,0.601733257277636
-1.06481422240887,1.17592539807563
0.0366770323215168,0.871109900083919
0.77428466342899,1.23828408941825
1.5443219663943,-0.203773891144171
0.271729983784642,2.17613090571067
0.846153277155101,-0.839129912253303
-1.13369603850912,1.5457945029656
-0.934372448982674,1.62503369927248
-0.711925627089957,0.345779230815455
0.605460088746457,-0.532882732226141
-0.566098023826374,-1.07579571027129
0.418522432535915,-0.0478842788302166
0.469050451408424,-0.88128869579507
-0.767931998807813,0.988096691435807
0.826899268590946,0.851389068234547
0.503877678487062,0.644880167781359
0.0527322587846993,-0.308079112180578
-0.216703125928487,0.345406645356389
-1.82498089693249,-0.510769148197879
0.456776979976669,1.23445307300518
-0.732448070200369,0.682436032644617
-0.127256555998993,-0.256469903099524
-1.46960235435932,-0.429663249986061
0.182680170457124,0.619675600404244
-0.222171683468791,-0.163730637599647
0.228157496107443,1.4075732207967
0.202649447250162,-0.163872761873391
0.0231045001684787,0.606327204729575
-1.60769129068552,0.278420535786234
-0.528830051950212,2.48393179047244
0.646895193844212,0.0795591102937289
-0.701168876861031,0.259651607126949
0.46050019906465,0.167914031706017
-0.763138656916593,0.107529948669453
-0.123087298570473,0.27240863860162
-0.941227990822527,1.40696230658526
0.0556281950382366,0.633219172506035
0.535746843246383,-0.798837542810958
0.216643651085928,0.537846650740496
1.15742406040796,-0.113766153424385
0.255505882064449,1.22223048479718
-0.604064937700987,0.182650246771028
0.420229589069751,0.990928188919591
1.18495964298382,-0.335381400019203
0.728764004442538,0.430151181479115
-0.459993846224684,-0.0842195749118489
-0.423449313717926,-1.0862188965293
-0.765943326509092,-0.281963249506732
-1.15454249678426,0.984601078583418
1.04334329773842,0.491362084675873
0.875804375598251,-0.81850650468377
-0.903784254841737,-0.292621155804048
-2.22653824283691,0.75768379433064
-1.07854131476059,2.73639120577864
0.977996388409753,1.18629202230782
1.45621743733122,1.64759145856637
0.0626986920342231,0.524188887038623
0.286095062911065,-0.756390456457069
0.171791843226092,0.531961797302656
-0.876709618820037,1.72098175490639
-0.596807267471637,1.25240057932881
-0.0678268662649043,-0.462125337316751
2.51739139465999,-1.13493137838828
-0.668665694898272,3.57804417516242
1.69391096135951,0.0101735963385461
-0.271476580162938,1.19957613934685
-0.713539011594571,0.905324562855426
-1.03694580119756,0.998995303455322
-0.603290015972137,0.637512513693627
0.171889428467747,-1.40830857024773
-1.64854237595713,0.224593751964396
-0.997434819161928,-0.311614915253297
1.07436232429778,0.469498434321657
1.31660971523406,0.661216985811417
-0.375457159834072,1.7173047773455
1.93575070774038,0.788077882690185
-0.44055326625578,1.87168387358544
-1.94750263374388,1.49591447950311
0.61182026782325,2.87609443843001
1.64236408192382,-0.705507412598238
-0.186041280173096,0.426232335696956
1.59355527336099,0.0750369329703661
0.438839892809177,-0.297592794572332
-0.948769828296741,0.539124493183402
1.43954765402318,2.00178177998638
0.734135909436163,0.381833722174122
1.4220379985153,-0.925222306312639
0.0335864933948035,1.25500898942567
-0.662769935499454,-1.56816073933773
0.730326069394353,0.262493457071923
-1.3902683218147,1.20635285617106
-0.102979124365463,0.0568155202863456
-1.8416158289282,-0.477669047066158
0.192107737592918,0.256713679879876
-1.6421294266563,-0.267613193448241
-1.20694550713389,1.91054230465393
1.7378162935875,0.0232869369508371
-1.5722506448966,2.80596546359728
1.5898099158132,1.13496533347717
0.669896023483071,3.00581531064686
-0.747738855918229,-0.201404245541367
-1.41200827992721,1.47913026060947
-0.897830057157788,1.75391740313735
-1.59117003373194,-0.630085564176133
-0.0113943130387887,2.3308038950664
1.43314553837221,-1.27274093718884
-1.22906033256617,0.66351514510911
0.97415940531323,1.71044672853167
1.26758512544079,1.60683248837733
-0.0942683301774327,1.93290705830137
-1.25854524185498,1.16956808275997
-1.97254710498178,0.802888218266974
1.31837105863039,0.60297465447841
-2.25553226107551,1.8846162581994
-2.98414951953125,1.65179522280867
1.94135141025754,3.30417471916006
-0.384430106728652,1.74916056434441
-1.51111910731676,0.983735077362879
-0.12245694608238,2.65245467065762
0.156861595908138,-1.12776992219356
-0.211949931183362,1.69976880292882
1.52094198869456,2.64311931893693
-1.56845616742632,-0.601549121658614
1.33169610755798,1.50639912214308
0.0112043805335035,2.20835580266156
-1.20711621319473,0.183000396558904
-1.35584906784148,0.523615881500001
0.172479111058752,1.43924213673278
-1.01418796506411,-1.11682664116828
-1.98828142465804,1.79897172463272
-1.74071367600168,1.18183150425864
-0.924997531536601,1.3005115092406
3.10442409312974,1.5661334317102
-0.26394495873884,5.96738848286786
0.247315648306688,-0.468343163712544
-0.706117877629902,0.859599330936928
-1.69247822874596,2.02636945537935
-0.038106937887794,2.69398229272613
-0.384332630702955,0.887973895832751
-0.11437833385765,-2.74052656879671
0.155329790890883,0.419417712622658
-0.866790917984306,0.0173621433977728
-0.269464647110975,0.821319210166364
-0.0554757154245407,1.25359360305675
-0.0697513401379302,0.11497303361784
0.277545502227092,0.573195914068838
-0.251890059615531,0.578715420820187
-0.40842314545791,-0.176302434562729
-0.210503892140868,0.813891219539252
-0.559981395313638,0.46322737880154
-1.62438367214799,0.0494141294706475
-1.1509160878643,1.37789804106749
-1.72483173010105,0.00187942098035909
1.06223677189743,1.43025235419308
1.25477888361905,1.06579269250204
-1.62694211214122,1.09069300060429
1.89677876098574,1.58110914300093
-0.321137748180227,3.23375185127558
2.21305866950602,1.14811328270668
1.72975765152525,3.99339503513715
-1.04190818328895,0.714115440017415
-0.162406874327353,-0.257713698392262
0.686776595201177,1.32294705939071
-1.07232993009198,-1.3447891020044
-1.28832017046685,0.621858866497081
-0.532841638894662,-1.20041873937807
-0.216650528457449,-1.50476925056725
0.200538923447838,0.81120838147801
1.0925098066662,0.0432044833012106
-1.12804266246591,0.331537999801617
-0.365056317534985,1.28763892680193
0.105191788742109,1.27063951375718
-0.100822340482267,0.277884107894982
0.84928845620844,0.180644254180723
0.640191486891806,0.356391780800613
0.131310945894106,-0.169570627331119
1.0491320823184,0.814473922058374
0.766411251026891,0.698830021976881
0.0059982473666747,-0.112517625267618
1.00543524460581,-0.125571761145192
0.668029968312631,-0.425587224004064
0.0964792768039073,-0.421935011703031
-1.93131582118321,-0.336306518800803
-0.072054463282865,0.632161639765995
0.214908314256809,-0.703794673069446
0.270832496217706,0.0611676938488525
-2.18469931499437,-1.07395123131828
-0.253182037930441,2.27456530462968
0.311232660545915,0.120707999172758
-1.18974742655533,1.94842778964984
1.60346476414064,0.855792271383466
-0.343285205920771,0.523939052422268
1.3189115419189,-0.0380508309425203
1.85954338886557,2.77779151443854
1.00547924473138,1.97344534770652
-0.558828526011679,0.301027962882254
1.63789625458001,1.26519351826924
-0.835959508523696,0.0804773817364018
0.882150025743848,0.479308712221271
0.483177200032598,-1.04916804563088
-0.534158381278218,-1.43784259999806
0.382306650541677,-0.765669308844303
-0.376903538180881,0.741648011003545
0.200233362246329,-1.21632737586861
1.12682748466348,0.799330862089014
1.67077925197223,-0.0236881866115877
0.657509042791029,0.856528099984739
-1.18796702241696,0.608314076605228
-1.25442704659675,0.505963940751287
0.468157168560807,0.857260537179984
0.853083166212199,0.0308506634768646
-0.136621430596696,-0.266401495339456
-0.228983037689958,-1.40309449322429
0.229246239144345,-0.880937461897712
-1.01888939454046,0.884042066088296
1.28501995821666,1.54333086885915
1.11313078305261,0.818598313409546
-0.860124295917683,0.175735707973459
1.51771973899784,0.457421115584977
1.00147241775704,1.34722975411733
-0.181291765104726,0.468181541840247
-0.463174630318457,1.15932302630178
-0.264760898392858,-0.939640474742454
0.478310753904675,-0.478906441342469
0.360241027414653,1.21183151459699
0.578901295115431,-1.26895767039617
-0.773785758940142,-0.504370044065067
-0.0179558353539941,0.464986885799589
-0.0304273300504127,0.336096781134992
-0.85747847554936,0.330141341483733
0.333482811650416,-0.0316555878692306
0.728250482651905,-0.208853456877951
0.0248253496269144,0.0417823521854019
1.53836752314084,0.929669238158231
-0.709684198495423,1.11923275700456
-1.67180111509035,0.0771968146128698
0.832536156521651,2.10857589224416
0.806422455914306,-0.168160459224208
-1.93812996405983,-0.206768085806275
-1.0233060378182,1.81470402774085
-0.745858269467156,-0.370512765613287
0.707526259385135,0.991782244403406
1.08388637002799,1.60703573487759
0.0143728577476526,-0.0230913602612011
-1.17477238284101,-0.786630047268008
-1.85388421885937,2.5069347576209
0.618161089867549,2.15078652433384
2.20291192788465,0.829210854025841
-1.56471798534206,1.96323065948223
-1.47294773578975,0.12542766114278
0.210651114030987,1.19651670052738
-1.52087979375596,0.803085906505511
0.256668045906197,2.9836272942436
-0.446048801231361,-0.692692210550167
-1.06120822365237,-1.60889605680157
-1.06027666690726,2.03817861205313
-0.752442813411304,1.76887317533775
-1.23386699662909,-0.0718957439924225
-0.769146340581329,2.21472432445673
0.312216894561928,0.0172488835923573
-0.0659949955785638,0.222946981286911
0.473551897980852,0.770526789412403
0.408120982999302,0.630306953863355
0.76011466048214,0.595410704004102
1.18711248417816,1.29392841244302
-0.181301032126469,1.57870129496149
1.63531436688054,-0.204598760360772
-0.0163394206562977,1.82918632978263
1.16088183168218,-0.546696679209463
0.90069905399737,0.331659331938904
-0.668671755561244,-0.299933248500926
1.24454390190776,-0.819426304953286
-0.786739661440442,0.894396162230619
-0.444071045424837,-1.0707818927613
-0.42259368618277,-0.148163949606331
-0.335283051766798,-0.938835054850236
-1.26320706545617,-0.337947357281077
1.22456823952899,1.24383416536019
0.252937450721967,-0.445692459829437
0.13916797846664,0.526450043111707
0.0241222516012009,0.282137883936553
-0.332156225481134,0.27680300728848
0.245395300024167,0.303239580364852
-1.51389746955713,1.06752912768006
0.341635461523663,0.0285529866725886
-0.313287735504361,-0.423048977428609
0.494107804958323,-0.153006759878012
-0.707392591360161,-0.177820111549751
1.32234209949775,0.3953482644705
-0.493800214082206,0.706935587494604
-1.13703963373126,1.20813795540445
2.18381527808365,0.550618486523608
-0.14266348257724,2.58538484072064
-1.31526905104576,-0.159578279669682
-0.913472862641997,1.07066180135151
0.352878237031343,-0.85032741916883
2.1122782801848,0.397314326564898
-0.254643329126245,3.05978674802056
-1.29171111615864,-1.67774568982117
-0.897602853835905,1.02957697174376
0.714561360497955,1.16690179324641
0.247548539555921,0.908365413940182
-0.406112955451559,-0.390752822118706
-0.422810808188666,-1.88819569398591
0.291392698397603,0.55138685939208
0.666310968334306,0.897898536365657
0.137986970403831,0.813005309776332
0.303865095450978,-0.706033438008221
-0.26140426381018,-0.101485018950273
0.507791856767218,0.813182762899673
-1.09367427286342,0.749493076978365
-0.588476613212899,0.0239824458225916
0.525706427915819,-0.0328064882500687
-0.292890751435921,0.0227677766644282
0.87602273167383,0.0412608355516663
-0.0440262620007275,1.04801497775175
-1.92042866203316,-0.495000125385604
-1.91367092201753,2.89932547979209
-0.938232699105716,2.33168769389915
-0.146698456610434,-0.317077345599361
-1.29863181433578,0.55895872399237
-0.333085960031321,0.596536898602885
-0.675134990308452,0.385093244297672
0.806637038750352,2.01885958910404
-1.23283040453445,1.90552855531438
0.131843229944501,1.5857092730738
-0.991102208543243,0.0867029497624471
0.449012460773729,1.42731593089441
0.0777032830905636,0.549903741613173
1.93367592958837,0.355070477507842
-0.736920323850391,1.237124126544
1.18184713713889,1.26213855393222
2.00868815450735,0.399246354885802
1.13214844119342,2.96609111410379
1.68291794838847,0.282999816038296
-0.682702685554001,1.42849853054776
0.930177643284862,-1.36990838189014
0.307042898641952,0.834175974669835
-1.64120503668539,-0.861544784759072
0.776139071402007,-0.204140970599827
2.62043830349014,-0.688393701270675
-0.661622668475947,2.23285010117961
-0.0591741421567646,0.824217463360438
-0.806395663395786,-0.886695428051521
0.0820080356961871,0.0676198705063741
0.139485368390193,1.43343788731484
0.477294336443193,-1.19687710390742
0.280499816075693,-2.07162861474681
1.36958570842217,0.569984607053572
0.0109010473481637,1.04428579716435
-0.960960845836576,0.474608302322398
0.209328466052832,0.233942766674275
0.078853912267178,-0.0344030275895174
-0.61664038965914,-0.609632926361871
0.783598629070187,-0.104414527781572
-0.480167035512681,-0.550845601455055
1.40001163869319,0.126668011902056
-0.327939586598072,1.84478390831288
-0.25274688172129,-0.259706605697109
-0.705782113422636,-0.105511442359765
0.0694296082910068,0.888004596919949
-0.454874503798799,-0.907307690596231
0.927753121306806,0.408011565450298
-0.659676715572468,-0.813166662296915
-0.881801886393022,0.373948271580132
-0.166472462002555,0.250807965835725
0.82557305866278,0.393135951147651
-1.90432412846742,0.266850583655181
-0.55127469425594,1.94621907970711
-0.18853222311583,-0.665485637178452
0.234500593560407,0.268451012348279
0.55522705119933,0.345667205893217
-0.105856819169528,0.0855117850139334
1.04394690093441,-0.765708727847239
0.131286250586548,2.41224720824103
0.573503237712395,0.118779998201805
-0.601884949857727,0.316802927768224
-1.06234286052645,-0.582166055348862
-2.18604302443321,0.107639712505967
0.257667220601938,2.55361293535754
-0.0594872720760926,-0.699899664877443
0.968042354357436,-0.380932414351964
-0.896181203430432,0.113258263082215
0.467897523790649,0.914863895661618
0.171296999344349,0.940234621670876
0.146841887777091,1.5726894193119
1.37588860903563,-0.241041928595408
-1.44163417836129,0.904282239397818
-0.847531220690206,0.459603553523334
0.232714245270472,1.18938857596034
-0.122686776855014,-0.377413424401014
-0.994840617233707,-0.139530127627799
1.67126613402506,0.549400936841044
-1.04056330253009,0.368413776358679
1.05680499725474,1.84849999881896
-1.2927138061487,1.27124815538499
0.504986866409713,0.624927940861246
-0.158664324390863,0.263141736283821
-2.41567908705421,0.733725470789787
1.46482004770243,1.72659228849901
0.375101623803008,1.68677030563504
-0.512947407290418,-0.399507041926779
-0.420791109553384,1.66163163451336
-0.15647492410343,-0.122915786080677
-1.16892471548142,-0.180525581298703
0.0567724991304598,2.64893348821018
-0.256404310839401,-0.620495891844759
1.0155062449436,0.147872663298465
-0.407051088282603,0.934256621482182
1.10742101978537,0.2760871243138
-1.5665101427371,0.616388511165988
-1.19367247049189,2.3126406948031
-0.325808482125476,0.574437350209794
-1.22118088041135,0.584717530761668
0.016771927521669,-0.130706964927871
1.01362244237064,-0.0399710961866489
-0.539190292863075,-0.181784262754555
0.0641397439128043,1.66290277512276
0.731890396198395,0.99304217343207
-0.265498680483477,0.220429393815978
0.295593293916628,1.29277182719528
-1.64870471328763,0.0464339961343133
0.256750187675282,0.413999654539186
-1.05679379339134,0.629250826539582
0.798749433427565,0.602002108789716
0.189181345325771,-0.353878138290622
-0.0725041386303819,0.110127653246929
0.290255680619085,-0.0429999707598853
0.872032841202184,1.51563520321628
-2.49141713085811,0.0991079352212608
0.949835845841527,3.91189999544605
0.535318560889813,-0.311520080389971
-0.516382286891469,0.159270225693651
0.00781154597150931,0.140604461428545
0.860044153013563,-0.300033821044803
1.55358699564053,-0.233102099432969
-0.973935463701169,2.8752539571197
0.0565492390728405,-0.150296795263445
1.07425295300255,-0.809620392303408
-0.464648110983724,1.16278179738512
-0.952271757934644,0.519673907288182
-0.485522162095474,-0.438913543689847
-0.130743669361342,-0.600583428720462
0.318870776519023,0.928901508895058
1.63693198892628,0.536592770089281
2.98249551572273,0.763303046738968
-0.286436748140238,4.64136039469261
-1.27469347911446,0.942977063253357
0.0448069955305417,1.36559213073125
-0.0488470485468798,0.0770577387697281
-0.163996330725685,-0.409276912470841
-1.54214259339186,-1.16630090078981
-0.903959557503664,-1.13891072536276
-1.16682334404187,0.706350676753333
-0.749214083564261,1.91891699418809
-0.763693034865376,0.187506377861895
-0.433941361627771,0.502749114084982
0.186252100838656,0.082587918167588
-1.212806310395,1.4419957367852
0.179527101390366,1.21165430899739
-1.78716061709487,0.923620691926294
-0.545015446690009,2.444239506084
0.754886779346296,0.870917449099899
0.722141069405466,0.537614185275643
0.752454493997734,0.297540121243924
-0.625669753703276,1.01670107714249
0.82581568231086,-0.0329632522812338
1.10680304915233,1.87773074951626
1.3179487162822,1.39869892352094
-0.0588970295199984,-0.140185410534131
-1.10924894111217,-0.396409820345713
0.130605248310782,0.111603587353064
2.88361692380115,0.68424591691456
2.00949185475972,3.39191763759256
0.508298871991529,1.1825680614301
-2.25011867937854,-1.12393299442424
-0.441063534463076,2.59147630474166
0.97952911452289,1.08200136390611
-0.115608003072149,0.0335356267587902
1.69340011548901,-1.99406275784071
2.23782421536781,-0.305451684135433
0.948696015211315,1.97545482853928
0.42014081506596,2.36656292621656
-0.524700726716575,0.572069334751128
-1.19162147676246,-0.821891258485656
-0.171259103812408,0.863753985735727
0.444300156374086,-1.55157249727816
2.79006802492398,-1.57971062802687
-2.13769638759754,2.75882613434221
0.977499099012132,2.4451447986701
0.865269877955842,0.664600475511021
-0.57481292483304,1.42197451746338
-0.752051877789843,0.375762037483816
0.173954653856643,0.285370713122641
0.999731782674023,-2.16350707478341
-0.160791277043628,2.39832662065517
-0.853166698187993,-0.60417825821878
-1.42529928532894,-0.381771624067705
0.846919367644426,1.67557379479977
-0.339375759872342,0.891261139357698
0.969364737143522,-0.213301585954937
0.171589949288816,-0.546216645307458
-3.0287006595483,0.501866216145608
0.812665195051265,5.13393563481424
0.2069063243179,1.53517730606215
1.65330400193008,-0.678317310690524
-0.355844002923926,1.51686120250276
0.125331770623859,-0.673467343876568
0.30846925116561,-0.0647287386547799
-0.461910408015425,2.823706703581
-0.16062721632682,-0.602752737292812
0.806061239361176,-0.191083601595503
-0.115010524693573,-0.863384030385056
-1.24599825408599,-0.343672294753095
-1.94862505862753,0.526516993042804
-1.12782166811643,1.83570436154072
-0.887149600340758,1.13024083433775
-1.88259728377421,0.78729468418484
-0.943031741394921,1.11488803312631
-0.329712245145769,0.585154842619466
0.317233846497277,1.16160108314313
-0.471610668263602,1.37451827694954
-0.384160246594952,1.02384867738801
-0.194175763924457,0.86787021796828
-0.255610643675825,1.85224161766268
-0.380413530723931,1.04410422896125
-0.704024230366334,0.173916274704954
0.0266566709725589,-0.0105066022017803
0.601505371252026,0.161170173634543
-0.585619421825164,0.489682353542108
-0.129520958495361,0.201311865233299
-0.329785188958187,0.0748499414033539
-0.336122572878508,0.384948186836294
0.652223630080645,0.834694954632469
-1.17942313848983,0.308511145113111
-1.26442942862877,0.345978233025813
0.909377346454325,1.03487655653621
-0.306355148175674,0.419471196854885
-0.55450192478674,0.049967043869295
-0.223305324839947,0.276121701482286
0.122885522483334,-0.420485124736799
0.168376302910159,1.35310107166331
0.451779426412498,1.15421958265398
2.00430159597585,-0.528616095450931
-0.385885057505331,2.30901087524139
-2.72054603813857,0.34006156219834
0.866856171564831,3.9586363356835
-1.41898475979622,0.426322420942825
-0.225735324060839,0.863502047099037
-0.0538968605238977,-0.564850572555019
-0.257889969895107,-1.76126955396992
-0.907494740079772,0.549528661190631
0.524275093619445,2.98241829091649
-0.586496572981574,-0.5774128276885
0.485193078241702,1.2579238879773
-1.25072951164476,0.394779602306768
-0.740604495120426,0.747006671478216
0.180098165282152,0.773340183242907
0.676355865611941,0.563653970617699
-0.325282900615234,-0.267667909008103
-1.30711420192029,0.44167212661886
0.214536716293009,0.102498459114686
0.128905229642133,0.673142787606578
1.31516480646903,0.56893559758193
0.796354714250858,1.16128261616077
-0.682407732971669,-0.087301581529618
1.01547985493421,0.379006044365752
-1.15132421520755,1.71834541747431
-0.750915872038908,0.569979370380877
-0.943646629039926,0.102839173024875
-0.75918707745075,-0.205816946533456
-0.861709048028333,-0.454025065841934
-0.257055906966015,0.913845195399095
-0.0402534653453494,-0.861998578103625
0.461194305602713,0.994740438187444
-1.57350684801684,1.28599252718757
0.115415662345168,2.23795802578093
1.13824137249081,0.535605063700681
-0.116991492501483,1.39597962346168
-0.0439560600586463,0.141346679077096
0.164821993039518,0.0570982252487448
-0.804637250335182,-0.326335998784332
-1.37772694777721,1.75720133599708
-0.722620018492444,0.9644097630927
-1.2267085054711,-0.349993789762299
-0.308199666366846,0.945271671992285
-2.06644811982063,0.264998738911728
-0.858302512580825,2.35006368661048
-0.0914703781228555,1.30197801871844
0.746411826711332,1.19905442318967
1.57684476573052,0.753026656294066
0.239542115743134,2.43905212214603
-0.279505216875219,0.516219301594743
-0.133321356870543,1.84572892710342
0.493616949511987,0.326630402644059
1.83082743086011,0.21487731409665
-0.842433148618692,1.0529979587217
-1.21034920468665,-0.892339287284828
0.00926798001498402,0.544174692624583
-0.118763989627552,0.259820887774774
-0.75977815518548,-0.00353629297089661
-1.97796741329638,0.0334782293301341
0.451895367295245,0.508526563174354
-0.784979923667398,0.572431081084197
-0.660030287184798,1.37771639901936
-1.02311921313592,0.0915087555238571
-0.0242155458250464,0.84885484131526
-1.95312076767254,0.931446651918407
0.446712047210958,4.04582047311085
-0.437295775735869,-0.252420828060148
-0.51309167428962,0.637873933257549
0.67579247846641,0.66017419503108
-0.329983405091694,1.23813370935568
-1.75374284826619,-0.00821551453294136
-1.26138737092899,2.8535725172533
1.11423718408318,0.297229289919713
0.224463727823585,0.733374791098775
0.407472739605023,0.554588914878244
-0.296907762000479,-0.528129567497493
0.410801293408018,0.333987161294841
-0.0554043465122672,1.38359925579622
-0.784421849875313,1.05446899834663
0.575763256555168,-0.568998405760813
-0.470669529384306,-0.293617713360148
0.0679471056112304,-0.197572304408409
0.387941467845503,-0.346297694717205
-1.30601183470089,-0.491907760429331
0.597784726814416,0.916670715076096
0.83740595973348,0.916098154802552
0.313815019081454,0.0646194601849896
0.587742501693104,0.596166593344638
0.854343599175721,0.337130278862197
-0.110855279143773,0.0538160122728847
1.15915604382676,1.25968738290149
-1.02942258660198,0.0956966944191564
1.2426609093419,-0.149110176944014
-1.80012309661033,0.480929789538817
-1.08009270869678,1.06162469063006
-0.88154737012816,0.0331469196961652
-0.506372520183065,0.531358739587768
-0.531200734067675,-0.52008817033885
0.866064911542203,1.06329883300838
2.25812868555641,-0.420230229946307
0.975654659856712,4.21492742710197
0.452361430150238,1.07769572466217
1.56531056710378,0.8585640449394
0.63678459805208,1.51729305919815
0.809381953589464,0.306459071210824
1.01736020416641,-0.383636530015376
-0.207744128315748,-0.985690723049151
0.263949392479402,-0.471869366273732
0.125626033469955,-0.0541218516761732
0.810436936456502,-1.18765866780191
-0.190365889090766,0.0784758033475556
1.1246983903723,-0.463596017700343
-0.823714923740653,-0.242494082107567
-0.159300010824199,0.0892369284942932
-0.565043414475747,-0.331170344347614
0.00593544131696943,-0.0364594966743762
0.13296590982037,-0.770535595299947
-0.422750707142903,-0.00537575935913076
0.150612275867858,-0.947165190743861
0.629849686345829,0.626686111783079
0.836220580251283,0.471538028849705
0.202682101891688,0.71058404602135
0.065939870067666,-0.084993909586546
0.385439210762839,0.307707499605541
0.284210727919362,0.570182386181658
-0.310651159766992,0.150901519096144
-0.701425779916116,-0.357683348881584
-0.032803832256784,0.0385832547850191
-0.139306167718349,-0.396001520430904
-1.19111807089971,0.0992225148202197
0.270053404536068,0.0888272946165426
0.704433485644904,-0.436783713517612
-0.953948740907739,0.56952068382294
-0.309298165528907,0.987104301434529
-0.0954834780728819,0.24960416803924
-0.388536710051478,0.0227429090914779
0.0481003681319776,1.01348373441118
-0.110942334729918,-0.222739299061997
0.326933159844476,-0.510426541847745
1.60538694148455,1.16157441171399
-0.122641398448525,1.30833363135407
0.623361885204025,-0.0481921417744923
-0.633861744426178,0.168837348399811
-0.934563984806171,0.0324300594561954
1.21876418579361,0.456033291908335
2.0383539471947,0.949248661383215
1.32872724429095,1.01807877493161
-1.13813852206789,0.812098368716589
-1.22054584111302,0.287597981896046
0.417877291309484,1.24212201774694
-0.551155210092375,0.729706262362593
1.49422761535523,-0.883167157403807
0.281757319780304,-0.681404371971603
0.500784674670532,-0.823595097130111
0.408930055818093,1.49697411345352
-0.144679218963083,0.839025583929155
-0.157255869407005,-0.174701507168724
-0.875243166645137,0.362325486693892
0.494092643660823,-1.09794353786474
0.625160309579094,-0.0994060589410089
-1.87573609557355,-0.126644803570601
-0.183947834461233,1.30071240951045
0.804688083872268,-0.142551970535438
-2.19337814389412,0.298116670057475
-0.199752637397092,3.4107739192806
0.196535452028138,-0.303355985650086
0.24334844282724,-0.042560465346427
-0.14797296639974,1.76525031994391
0.586952154238938,0.254745328000891
1.334242064521,-0.361443163081989
0.756439309980409,2.33310251950591
-0.099908865489581,0.704151096224014
0.0371055456133816,-0.199014945242042
0.545451459568995,0.075457143352298
-1.46232226694313,0.239628902273091
-0.224794023433107,0.485716493881482
0.665974403288328,-0.946766635826326
-1.16030622850543,-0.61517368624247
-0.435477256877409,0.55153142997247
0.067964572706002,0.339948826062401
1.23999716908006,-0.512370318161286
0.224332340865587,1.80420823855996
0.318150737193927,0.170116255365372
-0.27089687593899,-0.270783350574819
-0.497524722292937,0.985388332915124
-1.14006039842007,0.511553644027256
0.610385574843093,0.787691371371762
-1.14698525387367,-0.55038284299444
1.54396327421258,0.351859141617344
1.47461056128804,1.15276048568678
-1.60437745090377,1.23658093395121
0.938446045984212,1.31884047390054
1.24583934192707,1.3546165245615
1.24484839612778,-0.0828789880682621
2.59980260011512,1.75697339621645
0.265527918041406,1.99774156801931
1.22752167624372,-1.34401859719039
-1.69166988996879,2.03473166990569
0.295122883823881,0.425352164783326
-0.173001541262257,-0.715908603913277
1.34785477478079,-0.997871353129929
-0.601582902305832,-1.10211837459681
-1.29052697094593,-0.232517532996446
1.15546423486581,-0.215867256285539
1.89667167309605,2.09154026520707
2.24844528409017,1.38507174335862
-0.076010617215926,2.91385509170975
0.803384156732266,-1.05965915246178
-0.456250088453813,0.551460845636435
0.766789362919045,0.434128023052411
0.106269177660126,-0.600403514002006
0.939792878515998,-1.78805315323203
-0.0701479570628364,-1.29794349814953
-0.883396797137277,-0.0459962009043689
-1.03204335042373,-0.190678887360327
-2.03040064989618,0.904485030251229
0.42921788550634,1.69506175998396
-0.970884504649248,0.287204024270721
0.307053519972964,-0.270239297784818
0.269581112239189,0.35979009298849
-0.83000716449898,0.390642414795684
-1.50633075641468,1.28956172049275
0.597452401472639,2.55400469404989
1.33231079545532,-0.485845253324412
-0.1861782233827,1.55177823202426
1.46795732620672,-0.0421079852196405
1.30269388020433,0.728381913560806
-0.215941321899476,1.69441358615851
-0.88803613602064,1.13853121412029
1.53798317966785,0.0120003884211187
-1.66638097303065,0.239904891866207
-0.340408375104242,1.2139332851065
-1.43172810670691,-1.0055029576131
1.31556375251729,-0.0424531694295518
-0.381562734712541,1.03244553428598
-0.234776333922112,0.885574086813746
-0.555000503029643,-1.1633334266027
-0.605676433851448,1.68701550540498
-0.373543891015659,0.442043501234978
0.436732173346432,0.905240303574318
-0.577394233588203,-0.533573735398493
-0.76483286687353,0.262312310173178
-1.22065832380752,0.270951861264468
0.00367055306808831,1.51203374811295
-0.611128088484682,0.181980341172565
-1.92381650109949,0.344667296185692
0.802949679217878,1.65833024447106
-0.479066828413916,0.898199037888406
-0.65702479636456,0.260453240587018
0.266521902164023,1.35227786938126
-1.06865396667862,0.105149752283754
0.415555532705681,1.00149999461566
-0.79025238333317,1.6826414268621
-0.893088171347134,-0.284115789215363
1.12426143986636,0.44402047078708
1.18965900387915,0.971464646543117
-0.372508131977386,0.600258335602364
0.0288353765342625,1.15844250649722
0.582771670749396,-0.550569988887871
-1.14379144150968,0.829704290673224
0.705725063340529,1.388691481735
0.669260725453463,-0.522778792820825
-0.682049726186936,-0.551556196275058
0.33571733371591,0.369247444020488
-0.202256071473714,0.141448773626036
-0.274885655238319,-0.177355507301897
-0.819706411928855,0.916884438089201
-1.22992237138903,-0.0703760663861753
-0.94452373521912,0.279703158227411
0.409940899729785,0.749988337906951
-0.583331513339618,0.016965347228528
-0.330484711650341,0.212765207462982
-1.14146472474418,0.0862029508297205
-1.08565348309348,1.41515601071839
2.12415753080085,1.72117930418956
-0.199871768917093,2.65049061793852
-0.665289395387485,-0.44695278865979
-1.3148678035713,0.800612120365372
-0.849882171348108,1.37205330456158
-1.30627578181357,1.17633453566226
-0.873998042467558,1.62063111131873
-1.19044429071622,-1.17139859711458
0.0500607841036848,1.08051577665867
-1.62457013437941,0.900237216209794
0.00970891387870208,2.19043341224524
-0.402860834809572,0.797922340589788
-0.605375507313883,1.21924108060771
0.193050367955567,1.29596692675021
0.702839704667014,0.829507536246078
-0.745667397361271,0.247481253055006
-0.241307502870188,1.67474860681814
0.965860051672704,0.130110433666718
-1.24617291574525,0.627413778851691
-0.109147618597861,0.988886644439855
1.92741641736972,-0.401628486424021
-0.935871745005631,1.16879145204902
0.120540334767325,0.964007457584155
0.193817212656222,-0.0486465121336399
1.41097440970693,-0.867906014027737
-0.551422835169482,1.66752648908
1.32282280399311,0.0138845798414329
1.04715363249626,-0.845785601368119
0.632040285329991,1.18612790878472
-0.771476997887911,0.0886663037368881
1.01618503390673,-0.0166571979495805
1.10686805516888,-1.07630470201698
-1.72851196249422,1.22087971870883
-0.00807582545955,0.258884587568282
-1.50476110005184,-0.625643904155548
-1.19884815264333,0.759960135818278
0.393431861401244,1.45430988587178
-0.094257180571571,-0.599947443861851
0.277481658272124,-0.976375212867919
1.87492511688432,1.30267292032596
0.205765531068169,1.85351966349366
0.736264502371842,1.52935631677753
0.723979237766452,1.15379340875688
-1.01231694707687,-0.144145419298406
-0.912426965753742,0.756132008785017
0.664601072267341,-0.151519412270229
0.342724214394006,-0.988972045140399
-1.4702144076244,0.0249117358518388
0.122162117132066,0.646109851932824
0.443052517638515,-0.591150724594357
0.0674614228394061,0.394327035663517
-0.820466954604855,0.763461844658379
-0.121415505343475,-0.186282525143679
0.0140374835723939,-0.315933601909058
0.469972024997267,1.16939169094605
-0.724465787253257,0.516851624429586
0.450952483747623,-0.0712923920471534
0.613838251532184,-0.063684596426298
-1.84971463638352,0.950243190722844
0.601449423235099,1.52447422857072
0.749320106216538,0.0989722158545352
-0.437775412434542,-0.164991719495864
0.359035658017874,0.740682150311254
-0.120573110073447,-0.30939324840295
-0.553427828983809,-0.360211044050799
-0.737182981243637,1.83307758377434
-0.268704312209919,-0.543266865475833
-1.41196950096904,-0.54430517238933
2.09427190307287,1.35650560675498
1.47890713762766,2.03212027465073
0.302730238087033,1.35240955828427
0.746235398804954,0.197350813594168
0.775789510412456,0.710532277100073
1.0263728030009,0.411723621533329
0.45632663578812,1.41053437850197
-0.216565797157178,-1.70901887722632
0.207702544067178,-0.966008525660951
0.611082513361576,-0.249108778158291
-0.0301584885155386,-0.262051025205912
-1.28406589162804,-0.566388723945755
0.936819662762927,0.317236805114006
0.967403515455852,0.206364502089577
0.176786869881681,0.514556925896751
0.430471022462147,0.0442237640747429
-1.71223969641912,-0.333890065603235
1.34321427161607,1.7118212825374
1.68835889229265,1.98313150362015
-0.510226296559404,0.720700935462412
0.40939888865887,-0.357292149769427
-0.704000283845125,0.419248670870878
-1.58049930270573,0.0132059776839225
0.28429940109492,2.37154759134691
0.227421167974186,-1.04593115359905
0.425224722969116,-1.87722355907787
1.27313083580649,0.466546363884019
0.468714089560554,0.426188831771493
0.742532542266998,0.525810066838541
-1.04641428658702,1.42904543670092
0.0310819167829474,0.166378822783254
1.19487753564427,-0.395392046923569
-1.53032284927377,0.537651259777767
1.37361355830047,-0.00583772774966482
-0.0718179371642838,0.656718691310737
0.488323868625371,-0.541898077603043
-2.24930432371145,0.931593132255363
0.466249302467152,2.63517779360018
-1.98263175597179,-1.0752890721811
-0.953623458432623,3.25059220857832
0.411528637021313,-0.792749249542777
-0.480243355326952,0.60523875184626
-1.00174337499007,-0.262244509903257
0.535447834070332,2.30787938375886
-0.240038925462303,-0.20842242437477
0.629005043835141,1.67247788355307
-0.0083570988053936,0.987538929003478
0.334863890849486,0.0333714512823642
0.229673505012482,0.388504114952889
0.139702347319057,0.777862652033699
1.82559025993281,-0.286470761796596
0.239951302027196,2.25625600264771
-1.33114878118455,-0.263595285414151
-1.70846138073991,0.862838572980401
1.50562414127133,1.38382288707533
0.00953971753846593,1.1910802273185
-0.529329778653683,-0.011329949215153
-1.41157485727153,-1.31564787316761
1.54879539673177,0.480741144006644
-0.951009821435104,2.44470574469922
0.754853923671932,2.07505129250298
-0.264220074188557,-0.502827978094893
1.42398853958324,-0.0168134821268622
0.670817460693969,0.719694758577167
-1.38625614753038,1.2764633983321
0.15984819539273,-0.197642812665021
1.29435473626011,0.637432164542979
-1.22707755142384,0.194794455221
-1.27453379462057,1.06657930748538
0.316270798069317,-0.392244592523852
0.572741234721744,-0.413475815916142
0.874715067497678,1.10142757275425
-0.706491443459785,0.408447151044886
0.256730372285286,-0.885616304939394
0.512250289748475,0.875153006560685
-1.4394660186473,1.5231978359207
0.598683190366919,0.671433600983488
-0.770276720429841,-0.208397702538271
1.31253961150562,-0.678875424903608
-0.14154077017731,1.09682505705307
1.38143026348524,-0.108355028840362
1.43295877360391,0.669321214838512
-1.17061874702063,2.45255586042953
0.787674865335546,0.10799581182203
0.199889363563995,0.948354236330978
-0.52434081167177,-0.796379110937316
0.200001646944358,0.572238941405628
0.193669012261961,-1.1038290498043
-1.11381239956232,-0.927674329978746
-0.192563346673844,1.38661844637649
0.136248504904149,-0.523792245678656
-0.688773321983422,0.267849163861657
-1.46341401579186,0.683456282043537
-0.195363884452027,0.755487730109089
1.25584871963308,-0.0778434855509109
-2.03176975701254,1.4556857648709
0.0388901812850613,2.51289814760441
-0.686219091097309,-0.535204445861463
-0.481592906624437,1.03567729537764
1.34975284479988,1.26178494498355
-1.53315484031199,1.28746494867367
-0.179433441822611,0.231674256857916
-0.294787156675961,1.92884501057355
0.261435562712278,0.220787131374262
-2.18705328424114,0.721518811221588
-0.140879220529717,3.06274012276737
0.0747686892202466,-1.0695732218691
-0.849885654109379,1.35595331528482
-0.255778848487052,0.77244958971565
-0.64932796531262,0.351871127991666
-0.0951938499003064,0.312761312632504
-0.451954793063484,2.28654323467225
0.65410522593121,0.180696349692272
0.0971287426082838,0.337649323321486
1.12775762825011,0.934573172081585
0.119234687476042,1.02243925395646
1.31410393678617,0.360887808793563
-0.79050671261026,0.88562406504556
0.137896173734206,0.622257442062289
-0.657320033850664,-0.146426212623568
-0.165636410463035,-0.125813051455412
0.81735615533847,-0.609179091883001
0.15412362097706,0.393429630159816
0.22762316345429,-0.834154478761246
-1.16209511066213,0.83866861422336
-1.31388571196541,1.03460870381486
-0.207415075732293,1.42235184405074
0.701058478385794,0.0692816017969086
-0.0715946031175496,-0.0854328396230338
0.108479179428932,-0.0808283960079528
0.296568085005399,-0.235559854395285
0.0411027221189326,1.15208436900815
-0.728378832361913,0.530073825572101
-0.00491366351550612,0.540515977524547
-0.784067999151062,-0.601915572754307
1.30065114160109,0.366622892919139
1.09249115426527,0.531316725515502
-0.758616997263823,0.297145565146372
0.185577841891431,0.354245327889933
-1.5968484691592,0.610537701036134
-0.338573882282573,1.41940166979384
1.04529047606997,0.540639741474775
1.77919829863592,-0.4768186700386
-0.368513200967443,0.717898557667959
-0.355222885026741,0.596797394607378
0.700984230757926,0.0784874542253381
-0.765247592535608,1.77023471077336
1.10269329631089,0.481530989224585
0.688984830503484,-0.270568179354007
-0.0220888829116018,-1.17613173970775
-0.0482944510055823,0.70673075653211
0.148606274134146,0.385688673859525
-1.38405222385385,-0.863226642386034
2.15495069615981,1.38626352005496
-1.28488306025415,1.38132084451609
2.02910205862952,-0.115727826193581
-0.874329326829985,2.1426597925112
0.222136448925312,0.393437838624642
0.424633450686484,-0.123535108822709
0.443443774436032,1.09570386098497
0.00297068416469577,-1.56403906833371
0.675577270537671,0.814590148089634
1.51965775615028,-1.26244597623814
3.36215027327877,1.72093108863211
-0.962730824942049,5.71900175846461
-0.705849213821733,0.0622836860232466
-0.921624341351518,0.214753187629217
-0.33006566304854,0.319312384925995
-0.0803209764077878,-0.496054471946706
1.20029969773486,-1.34194847694267
1.66567197787607,-2.15484248692329
1.33226929215604,2.15829711488555
0.937240599605371,1.64493218981047
-0.848649229745818,1.020789291797
1.34615467506127,0.969012813372488
0.657890956581717,1.27753072025867
0.899501072806363,-0.868434536370248
0.213658810605073,-0.548161049173584
0.363106140079884,-0.962932816621102
-1.75126328716051,-0.323703093299761
0.607411267862884,2.16746015096852
0.102810685412261,-0.579482910468819
0.200623419023813,-0.370233185058393
1.97989713752226,-0.343141620514686
-0.416632152065078,2.01047797496188
0.0930156136606641,0.109327900204874
-0.227697840719439,1.51027017503111
0.228379219035472,-0.103620296816763
0.798255682222254,-0.242582172663307
-0.552826625571343,0.0596419804502453
1.22321404647931,-1.45820080012581
0.414081013699737,1.14673892695874
0.999851483562765,0.119675037778289
0.288677623410275,0.84845422415897
-0.368634234415782,-0.13870809465492
1.62011090143524,-0.164859281070827
0.438106575258804,1.80010667142539
1.79352331383898,-0.680686890363982
0.941921458420366,1.54191346350979
-1.30510144061089,-0.368846494552063
0.0481256934945604,0.584343788162131
0.761166165586344,0.419359911681343
-1.06051315928029,-0.88235952871829
-0.104728817904606,0.427498489652678
-1.08537512779785,-1.41893939319198
-0.546134736292026,-0.527346235036665
0.599443082223284,1.09587288544964
-0.214438687669297,-0.177587848392775
-0.279985653393049,-0.393285451927353
-1.90605312438115,0.733465404355027
-0.236519993173292,1.83986070375304
-0.746212346551627,0.724285546608703
-0.0330152425240204,0.531084417645683
-2.32373088779853,-0.812847536520001
-0.607396525308142,2.94701435288547
1.03313695032075,0.315033087261641
-0.779941145900359,1.76659331375663
-1.08694117716478,0.190751604715866
-0.95925990939124,1.07204185583488
-1.17310326418897,0.778423566886177
-0.190804422035856,2.58473501391368
1.49487597964806,0.396893316327385
0.63859582736504,0.471884864932802
-1.5732627407001,1.16619127475365
-1.30704768316097,2.04489507813841
-0.743399788976221,1.33544835741028
-0.465570571007965,1.39677809864958
-1.73977442192978,0.373222310314823
-0.571270862355626,0.193614406731002
0.466580908915587,-0.652875237250214
-0.170207532172014,1.2462122216425
-0.205493168999128,1.34839855512189
1.96757261440447,0.832040650201328
-0.93786888608388,2.17766632544879
0.29499387563126,2.27729089136732
-0.40450757772172,0.285427012708395
0.696744707076565,-0.568075256430955
1.77227666388112,0.280308796185395
0.401380218265919,1.79250554566264
-0.90906454224449,-1.26455358359971
-0.91236183344449,1.10735583676375
0.831211708314333,0.179314258200048
0.895428588577601,0.846613223082293
1.15900774968252,-0.226911473124238
1.11553764806524,-0.689563186363115
1.11443577072662,0.477219376923897
-2.1660550081013,0.923124647619558
0.993233647210772,2.91181300998465
1.21309656371117,-0.330265013865603
-0.605044130099632,0.310431874001084
0.0832835977829912,-1.02445217830776
1.41687839829608,-0.769732711168812
1.33945245515439,0.213145299800789
-1.55016358586453,2.52067139772766
-0.415044954310535,0.352847969252616
-0.277262374202134,-1.23878203972602
-0.036244494160765,0.688722885847473
-0.994099587748168,0.195370984823883
-1.19472848464817,-0.584134125096388
1.0098120230942,-0.194563183051946
-0.823787654840786,1.58404740127491
-1.15054956604225,0.659032976844861
-0.700771318948966,0.900023772830844
2.855067945347,0.313912454491016
-2.02623098951681,4.84234861062858
0.892484931564619,3.23819532488667
-0.0334880070957686,-0.518350579834229
0.177411430607319,0.862217786919568
-1.12468197522485,1.04411817345223
1.2716116501055,0.859229599829879
0.794035115876675,-1.34075105878932
0.609640052485279,1.94538973369527
-0.428588200104336,-0.687563424969576
1.4464661919783,0.0525756399553346
0.22919024477656,1.21364357120913
0.520538471639596,0.790204850902426
-1.0922377081419,-1.03132243009806
2.56338613953807,0.119893411624609
0.75301412078326,2.83646324120073
-0.557336556889428,0.418375766878118
0.213084712813936,-0.961645685674897
1.01841902716852,0.179718918829357
2.22598341486817,0.131831016638623
-0.593084832711997,3.19511143865515
0.423830535086356,-1.7299980450051
0.719429196976458,-0.79245773544508
-0.64733165402997,1.24634194570538
1.06780289624504,0.0770106865896553
-0.501588620410351,-0.277762851328073
-1.37892906042515,-1.49094511410969
-0.696123209008224,1.54309007255253
-0.76286882204948,-0.0690356176281665
2.23760559436444,-0.397577604510855
-1.1183928354347,3.0387863911349
-0.294049293898637,0.00476429292925773
0.670296786728797,0.334591627051499
-0.938424802804742,1.06306560348991
-1.69044481014924,1.18672239789263
-0.985299805924553,2.48474668715025
-0.908693282703118,-1.64543976414149
0.506647722399294,1.43726059097023
0.218782143230703,0.494367992796925
0.341311420361808,-0.596924092345286
0.648533358124209,0.674426919858219
0.807443004089811,1.92484304109507
-2.29451038109465,0.882852743804915
-0.00252818355440707,3.42945689218688
-0.862510844991702,-0.179212004656023
0.088956964506523,0.378825983674825
-0.366407393042258,-0.605383081960936
-1.21390477191433,-0.146562327066394
-1.10902759526728,0.188368763420346
0.742618323281014,2.14285938087332
-0.502806147239477,0.188818483634693
-1.46860883524875,1.05230964198773
-1.00964760632561,1.07454859885865
0.358707560308668,0.459236521383716
-0.247538480998613,1.19019126050754
0.13597841839233,0.606701608611503
0.966684657362913,-0.531520101475634
0.337689901289684,1.00145908819184
-0.441019676724803,1.29787246550276
1.58048338457841,1.09996934414239
1.05980388965596,1.15106077200593
0.659522717603246,0.792799304472669
-0.0291997566212936,0.123596782349606
-1.116065431249,-0.924125537587543
1.02639029042652,0.531005979409275
1.13084260194095,1.07650918317873
0.991549488651059,-0.731482551198607
1.64814938386558,-0.312378602811937
-0.0850788666737345,0.705974769803121
-1.44208030248519,0.198127537454996
0.0909588221660376,2.2324000524367
0.00491269427469299,-0.679632096755929
-0.0420250275378188,-1.2203299547471
-0.117992680772217,-0.877514686489301
-0.229541795788809,-1.47141593542582
-0.717125355233197,-0.164535848540927
-0.441759131959466,1.62854941724365
-0.586282295930841,0.605970238196137
0.32821226889453,0.271920038024122
0.880033496205768,0.37454095562579
-0.224812639827171,0.359491286930769
-0.323935490609106,0.571897562214811
0.905153766349702,0.815570953940025
-0.347965621736729,1.06080393317732
1.85307258088879,0.381674509446821
-1.2658601329176,1.35538685085726
-0.593742571753953,0.0187586238091437
0.715757940601655,0.373192703206913
-0.659232815551964,0.389194395989694
1.65908626793057,-0.489982493985199
-0.163623866000123,1.93660575727821
0.237955129282245,-1.3725887130626
-1.09341394630723,0.957935500317125
0.533843537003513,0.899242432706496
-0.470078673630763,-0.648183798142788
0.819376829105952,0.583068280125017
